churn_id,customer_id,subscription_id,churn_date,churn_reason,voluntary,tenure_days
1,1,1,2021-07-20,Payment failure,1,98
2,6,7,2026-08-05,Price too high,1,324
3,7,8,2024-07-04,Low usage,0,141
4,12,13,2022-06-27,Missing features,0,31
5,15,16,2024-09-13,Low usage,1,418
6,16,17,2023-01-29,Low usage,1,345
7,20,22,2024-04-22,Price too high,1,538
8,24,26,2026-07-14,No longer needed,0,732
9,30,32,2023-03-25,Missing features,1,187
10,33,35,2022-09-26,Payment failure,1,586
11,37,40,2027-10-01,Poor customer support,0,414
12,40,43,2021-03-13,Switched to competitor,1,69
13,43,46,2022-05-06,No longer needed,1,168
14,44,48,2023-01-19,Switched to competitor,1,465
15,46,51,2026-04-18,No longer needed,0,200
16,47,53,2025-10-15,Switched to competitor,0,472
17,49,55,2023-12-02,Low usage,1,50
18,50,56,2022-06-08,Price too high,0,437
19,51,57,2023-10-23,Missing features,1,123
20,54,62,2026-07-26,Price too high,1,44
21,56,65,2023-04-02,Switched to competitor,1,42
22,61,72,2026-05-28,Price too high,1,136
23,62,73,2025-01-15,Low usage,1,335
24,64,76,2022-05-30,Missing features,1,454
25,69,81,2026-08-27,Low usage,0,71
26,70,82,2024-01-07,Poor customer support,1,210
27,74,87,2023-11-13,No longer needed,1,285
28,76,89,2024-04-07,Payment failure,1,184
29,78,93,2026-04-11,Payment failure,1,631
30,82,100,2023-01-28,Low usage,1,348
31,83,101,2024-02-22,Poor customer support,0,61
32,85,104,2026-09-02,Poor customer support,1,276
33,91,110,2026-09-01,Low usage,0,68
34,92,111,2026-05-23,Switched to competitor,0,234
35,95,114,2026-05-29,Missing features,1,223
36,97,117,2021-08-07,Poor customer support,1,71
37,100,120,2023-09-18,Switched to competitor,1,130
38,101,121,2026-02-24,Switched to competitor,1,432
39,104,126,2026-07-27,Low usage,1,347
40,107,129,2024-10-23,Missing features,1,574
41,108,131,2024-09-27,Low usage,1,433
42,113,137,2024-02-27,Price too high,1,65
43,118,142,2025-01-25,Price too high,1,678
44,124,148,2026-03-17,Poor customer support,1,238
45,126,150,2025-10-01,Low usage,1,415
46,132,157,2022-09-30,Switched to competitor,1,339
47,135,161,2021-05-20,Switched to competitor,1,117
48,139,166,2025-08-20,No longer needed,1,393
49,145,174,2022-04-20,Low usage,1,144
50,148,178,2026-09-03,Low usage,0,163
51,150,180,2026-04-05,No longer needed,1,362
52,157,188,2021-12-28,Price too high,1,250
53,160,191,2026-04-27,Switched to competitor,1,80
54,161,193,2025-12-03,No longer needed,1,658
55,166,199,2023-07-21,Payment failure,1,414
56,168,201,2025-10-04,Missing features,0,227
57,172,207,2023-10-10,Poor customer support,1,18
58,174,209,2025-12-07,Payment failure,0,47
59,176,211,2022-04-23,Switched to competitor,1,45
60,177,212,2023-02-22,Low usage,1,156
61,179,214,2026-04-08,Low usage,0,19
62,182,218,2026-02-22,Price too high,0,326
63,187,224,2026-08-27,Poor customer support,0,63
64,191,228,2026-08-25,Switched to competitor,0,124
65,193,230,2026-03-23,No longer needed,1,466
66,194,231,2024-07-12,Poor customer support,1,33
67,195,232,2023-07-10,No longer needed,1,132
68,199,236,2024-01-06,Switched to competitor,1,169
69,206,247,2023-08-22,Missing features,1,496
70,217,260,2023-03-13,Payment failure,1,160
71,219,262,2025-03-11,Poor customer support,1,350
72,224,267,2024-09-20,Low usage,1,99
73,225,268,2025-11-07,Poor customer support,1,589
74,226,270,2025-10-23,Low usage,1,511
75,230,275,2023-11-01,No longer needed,1,660
76,231,276,2022-07-08,Payment failure,1,469
77,233,279,2026-12-17,Missing features,1,365
78,237,284,2025-09-11,Price too high,1,364
79,244,293,2023-01-01,Low usage,0,519
80,248,297,2021-03-25,Payment failure,1,27
81,251,300,2024-05-15,Payment failure,1,111
82,253,303,2025-06-11,Price too high,0,51
83,254,305,2023-12-12,Price too high,0,516
84,261,312,2025-08-30,No longer needed,1,20
85,264,315,2025-03-08,Low usage,1,168
86,265,317,2026-08-18,Switched to competitor,1,184
87,269,322,2026-08-01,Low usage,1,482
88,271,324,2024-12-09,Payment failure,1,261
89,276,330,2024-05-18,Price too high,1,637
90,282,336,2025-09-19,Payment failure,1,544
91,288,343,2022-01-14,Payment failure,1,289
92,289,344,2021-10-25,Payment failure,1,264
93,290,345,2026-08-24,Payment failure,1,27
94,291,346,2025-02-02,Poor customer support,1,50
95,295,350,2025-04-17,Payment failure,1,73
96,297,352,2023-04-02,Payment failure,1,102
97,301,357,2024-03-21,Poor customer support,1,599
98,302,359,2025-07-16,Switched to competitor,0,159
99,306,364,2024-05-17,Payment failure,1,275
100,307,365,2025-07-26,Payment failure,1,324
101,308,366,2026-07-06,No longer needed,1,111
102,310,368,2025-01-02,Payment failure,1,216
103,311,369,2023-09-29,Missing features,0,40
104,317,376,2025-09-05,Low usage,1,223
105,325,386,2024-03-30,Missing features,1,49
106,328,389,2024-12-05,Low usage,1,108
107,329,391,2022-05-05,No longer needed,1,275
108,331,395,2026-09-15,No longer needed,0,247
109,339,404,2025-02-20,Payment failure,0,180
110,346,412,2025-09-27,Price too high,1,197
111,349,415,2023-01-13,Missing features,1,210
112,350,417,2025-09-12,Missing features,0,365
113,351,418,2026-05-14,Switched to competitor,1,511
114,353,420,2023-06-12,Payment failure,1,468
115,354,421,2023-06-10,Low usage,1,257
116,356,423,2022-06-28,Missing features,1,73
117,358,425,2021-09-07,No longer needed,1,142
118,363,431,2023-06-30,Payment failure,1,535
119,364,432,2025-09-09,Poor customer support,1,172
120,366,434,2022-05-02,Low usage,1,139
121,367,435,2022-12-23,Price too high,1,518
122,368,436,2026-09-04,Low usage,1,258
123,370,438,2022-06-24,Payment failure,0,73
124,372,441,2026-08-03,Low usage,1,47
125,375,444,2023-09-01,Missing features,1,108
126,377,446,2025-11-18,Poor customer support,0,19
127,380,449,2026-07-15,No longer needed,0,235
128,388,459,2024-06-18,Poor customer support,1,357
129,395,468,2026-02-04,Switched to competitor,1,537
130,408,481,2022-12-04,Missing features,1,52
131,410,484,2022-03-15,Price too high,1,224
132,414,488,2022-09-05,Poor customer support,1,33
133,418,493,2022-06-24,Low usage,1,157
134,421,496,2024-06-27,Low usage,0,487
135,426,501,2023-10-26,No longer needed,1,350
136,428,504,2026-09-11,Price too high,1,260
137,429,505,2023-12-16,Price too high,1,121
138,431,508,2027-01-25,No longer needed,1,411
139,433,510,2022-08-24,Low usage,1,34
140,436,513,2025-01-16,Poor customer support,1,359
141,439,517,2025-07-11,Switched to competitor,0,29
142,444,522,2026-02-18,Payment failure,1,37
143,445,523,2021-08-15,Poor customer support,1,149
144,447,526,2024-07-19,No longer needed,0,62
145,455,535,2021-12-13,Payment failure,1,263
146,456,536,2025-06-13,Price too high,1,40
147,461,542,2026-08-17,Payment failure,1,94
148,463,544,2025-06-02,Poor customer support,1,412
149,464,545,2021-09-20,Price too high,0,91
150,467,550,2026-07-27,Missing features,1,571
151,479,562,2022-06-17,Price too high,1,225
152,484,567,2022-12-13,Price too high,1,579
153,492,575,2023-08-27,No longer needed,1,149
154,498,582,2023-08-08,Poor customer support,1,126
155,500,584,2025-09-26,Switched to competitor,0,218
156,504,588,2026-06-13,Price too high,1,146
157,506,591,2023-06-18,Poor customer support,0,153
158,514,601,2026-05-07,Poor customer support,0,570
159,516,604,2025-08-13,Price too high,1,601
160,520,610,2025-07-20,No longer needed,0,443
161,523,614,2022-09-13,Payment failure,0,32
162,526,617,2023-11-02,Switched to competitor,1,534
163,534,626,2026-02-19,Price too high,0,430
164,538,630,2025-10-18,Price too high,1,100
165,540,633,2025-04-11,Low usage,1,77
166,542,636,2025-09-10,Missing features,0,568
167,545,639,2023-08-17,Low usage,0,368
168,550,646,2022-12-17,Price too high,1,50
169,551,648,2025-09-01,Missing features,1,327
170,556,655,2023-09-06,Switched to competitor,1,46
171,557,656,2026-07-15,No longer needed,1,54
172,559,658,2023-09-15,Missing features,1,858
173,560,659,2023-05-20,Payment failure,1,88
174,563,663,2023-11-15,Poor customer support,0,793
175,573,674,2025-02-15,Low usage,0,317
176,578,680,2024-09-14,Price too high,0,372
177,580,683,2022-12-11,Poor customer support,1,299
178,585,688,2022-07-31,Price too high,0,210
179,587,692,2023-09-07,Switched to competitor,1,831
180,590,695,2026-09-13,Poor customer support,1,58
181,592,697,2023-08-02,Missing features,0,278
182,596,701,2026-08-27,Payment failure,1,313
183,597,702,2026-03-03,No longer needed,1,246
184,602,709,2024-05-18,Switched to competitor,1,266
185,603,711,2027-04-19,Missing features,1,393
186,607,716,2026-05-28,Payment failure,1,443
187,610,720,2026-01-29,Payment failure,1,25
188,625,739,2026-05-06,Price too high,0,413
189,628,745,2024-01-10,Switched to competitor,1,583
190,629,746,2021-08-01,Payment failure,1,119
191,631,748,2023-12-01,Missing features,1,51
192,641,760,2024-11-15,Price too high,1,444
193,644,763,2026-01-28,Low usage,1,104
194,647,766,2023-07-02,Price too high,1,301
195,648,768,2027-04-26,Low usage,1,367
196,654,775,2023-03-15,Poor customer support,0,23
197,659,781,2023-11-27,Low usage,0,223
198,660,782,2024-09-25,Switched to competitor,0,46
199,661,783,2025-10-02,Switched to competitor,1,264
200,663,785,2024-09-01,Missing features,0,28
201,665,787,2022-09-21,Low usage,1,31
202,666,789,2026-02-23,Switched to competitor,1,169
203,669,792,2023-12-13,Switched to competitor,1,22
204,670,793,2026-09-04,Missing features,1,185
205,672,795,2026-08-31,Switched to competitor,1,68
206,673,796,2022-04-07,Payment failure,1,323
207,675,799,2022-02-11,Missing features,1,128
208,678,803,2026-08-05,Price too high,1,63
209,682,808,2023-11-08,No longer needed,1,307
210,683,810,2023-04-27,Price too high,1,237
211,684,811,2023-12-22,Poor customer support,1,52
212,687,814,2023-05-27,Poor customer support,1,546
213,688,815,2022-02-02,Price too high,1,15
214,689,816,2026-05-30,Missing features,1,26
215,690,817,2024-01-01,Payment failure,1,394
216,693,821,2026-08-29,Payment failure,1,119
217,694,822,2024-11-14,Price too high,1,265
218,696,824,2023-07-11,Price too high,1,331
219,697,825,2025-01-24,No longer needed,0,259
220,701,829,2022-03-08,Payment failure,1,31
221,708,838,2024-11-22,Missing features,1,324
222,712,843,2023-02-17,No longer needed,1,420
223,713,844,2025-12-09,Price too high,1,132
224,714,846,2026-02-13,Price too high,1,420
225,717,849,2024-01-05,No longer needed,0,105
226,719,851,2025-02-12,Payment failure,1,270
227,724,859,2025-12-26,Low usage,1,573
228,728,864,2026-09-12,Switched to competitor,1,118
229,732,869,2024-03-16,Low usage,1,352
230,734,871,2026-04-13,Price too high,0,133
231,740,881,2022-04-30,Price too high,1,136
232,742,884,2026-05-27,Price too high,1,336
233,743,886,2022-04-07,Payment failure,1,418
234,750,897,2026-08-15,No longer needed,1,74
235,752,899,2026-04-08,Switched to competitor,0,617
236,755,902,2023-01-21,Low usage,1,36
237,756,903,2026-03-27,Low usage,1,165
238,757,905,2023-08-11,Missing features,0,197
239,758,907,2026-08-19,Price too high,0,436
240,760,909,2025-09-08,Low usage,1,119
241,763,912,2026-08-24,Missing features,1,726
242,765,914,2024-10-24,Missing features,1,109
243,766,916,2026-06-02,Low usage,0,371
244,767,917,2025-11-29,Switched to competitor,1,352
245,771,921,2023-01-29,Poor customer support,1,179
246,772,922,2023-01-01,Low usage,0,166
247,773,923,2024-01-08,Low usage,0,342
248,774,924,2023-05-24,Low usage,1,164
249,776,926,2026-03-30,Low usage,0,67
250,777,927,2022-07-01,No longer needed,1,507
251,778,928,2025-09-19,Low usage,1,150
252,782,934,2025-08-06,Switched to competitor,1,553
253,784,936,2024-04-16,Switched to competitor,1,738
254,788,941,2025-11-20,Low usage,1,357
255,789,942,2024-02-08,Poor customer support,0,163
256,796,951,2022-12-22,Price too high,1,165
257,798,954,2023-07-05,Missing features,1,316
258,802,958,2026-05-11,Price too high,1,306
259,806,964,2024-12-12,Poor customer support,1,549
260,808,966,2023-09-28,Missing features,1,466
261,820,981,2023-08-12,Low usage,1,460
262,823,985,2024-09-07,Low usage,1,62
263,826,988,2023-01-20,Price too high,1,77
264,830,994,2025-09-03,Poor customer support,0,267
265,831,996,2024-12-18,Price too high,1,433
266,835,1001,2023-07-19,Price too high,1,157
267,842,1010,2023-02-20,Price too high,1,504
268,844,1013,2024-10-24,Low usage,1,219
269,845,1014,2025-11-23,Missing features,1,86
270,846,1015,2022-08-24,Payment failure,1,263
271,847,1016,2023-06-17,Poor customer support,1,272
272,859,1030,2023-07-18,Payment failure,1,667
273,861,1033,2026-07-11,Poor customer support,1,542
274,862,1034,2023-08-14,Payment failure,1,272
275,863,1035,2022-04-26,Missing features,1,59
276,866,1038,2026-07-28,Missing features,1,102
277,868,1040,2023-07-30,Missing features,1,21
278,871,1044,2023-05-02,No longer needed,0,117
279,881,1057,2026-01-05,No longer needed,0,571
280,882,1059,2024-05-12,No longer needed,1,252
281,883,1061,2023-10-01,Poor customer support,1,420
282,884,1063,2022-05-23,Low usage,0,328
283,889,1069,2025-08-15,Poor customer support,0,493
284,893,1073,2026-08-18,Low usage,1,214
285,894,1074,2023-08-05,Switched to competitor,0,452
286,896,1076,2023-06-10,Missing features,0,399
287,903,1084,2023-08-20,Payment failure,0,389
288,906,1088,2024-08-15,Payment failure,1,262
289,908,1091,2023-10-15,Low usage,1,641
290,911,1094,2021-08-28,Payment failure,1,119
291,916,1102,2025-09-30,No longer needed,1,46
292,918,1105,2026-09-22,No longer needed,1,373
293,921,1108,2026-07-07,Price too high,1,28
294,926,1113,2023-08-27,Switched to competitor,1,558
295,927,1114,2024-09-19,Payment failure,1,266
296,928,1115,2024-03-16,No longer needed,0,272
297,931,1118,2022-06-11,Price too high,0,411
298,935,1123,2023-12-01,Missing features,1,168
299,942,1131,2022-08-01,Missing features,1,19
300,947,1136,2025-11-05,Switched to competitor,1,166
301,948,1137,2024-08-30,No longer needed,1,34
302,952,1142,2026-09-04,Price too high,1,243
303,960,1153,2025-03-20,Low usage,1,332
304,961,1155,2023-05-30,Price too high,0,451
305,968,1163,2024-07-01,Missing features,1,191
306,969,1164,2024-03-27,Poor customer support,1,209
307,975,1170,2026-04-22,Switched to competitor,1,309
308,979,1175,2026-04-19,Missing features,0,133
309,982,1179,2026-08-10,Poor customer support,1,352
310,983,1180,2022-12-06,No longer needed,1,455
311,989,1187,2023-10-23,Poor customer support,1,198
312,990,1188,2024-04-18,Poor customer support,1,147
313,993,1191,2022-09-05,Low usage,1,562
314,998,1200,2024-04-28,Missing features,1,132
315,1001,1205,2026-09-12,Payment failure,1,435
316,1002,1206,2023-10-01,Poor customer support,1,30
317,1007,1211,2022-06-29,Missing features,1,179
318,1011,1215,2025-08-22,No longer needed,1,42
319,1014,1218,2023-08-21,Low usage,1,755
320,1016,1220,2025-11-17,Missing features,1,156
321,1017,1222,2025-12-21,Switched to competitor,0,825
322,1018,1223,2026-07-09,No longer needed,0,188
323,1019,1224,2025-02-14,Payment failure,1,73
324,1020,1225,2022-04-06,Payment failure,1,90
325,1024,1229,2022-05-06,Payment failure,1,408
326,1029,1234,2024-02-11,Switched to competitor,1,104
327,1030,1235,2025-11-27,Missing features,1,165
328,1031,1237,2025-06-21,Switched to competitor,1,100
329,1036,1243,2021-11-14,Switched to competitor,1,85
330,1037,1244,2022-12-05,Price too high,1,130
331,1039,1246,2026-07-31,Low usage,1,447
332,1040,1247,2025-02-03,Poor customer support,1,717
333,1041,1248,2026-07-05,Poor customer support,0,63
334,1042,1250,2025-03-18,Low usage,1,308
335,1043,1251,2023-04-01,Missing features,1,79
336,1044,1252,2022-06-26,Poor customer support,1,17
337,1045,1254,2024-02-27,Switched to competitor,1,403
338,1046,1255,2024-06-13,No longer needed,1,349
339,1048,1258,2024-07-06,Low usage,0,78
340,1050,1261,2022-09-09,Switched to competitor,0,325
341,1053,1266,2023-08-04,No longer needed,1,383
342,1054,1268,2027-03-13,Poor customer support,0,388
343,1056,1270,2025-09-06,No longer needed,1,426
344,1061,1275,2021-12-15,Switched to competitor,1,194
345,1062,1276,2022-09-02,Missing features,1,552
346,1066,1281,2024-06-22,Low usage,1,15
347,1067,1282,2025-08-06,Poor customer support,0,457
348,1068,1283,2024-12-22,No longer needed,0,68
349,1070,1285,2022-12-09,Missing features,1,32
350,1071,1286,2024-05-12,Payment failure,1,309
351,1072,1287,2022-01-16,Payment failure,0,291
352,1075,1290,2022-09-21,Low usage,1,429
353,1079,1296,2024-10-06,Price too high,1,533
354,1081,1299,2024-09-09,No longer needed,1,242
355,1083,1301,2022-09-06,Price too high,1,131
356,1087,1307,2026-09-12,Poor customer support,1,47
357,1090,1310,2022-12-05,Payment failure,1,93
358,1095,1317,2026-10-09,Price too high,0,363
359,1101,1323,2026-07-16,Switched to competitor,0,64
360,1102,1324,2022-06-16,Switched to competitor,1,68
361,1107,1329,2026-08-16,Payment failure,1,75
362,1112,1335,2026-07-09,Payment failure,1,42
363,1116,1340,2026-07-31,Price too high,0,24
364,1119,1344,2026-08-07,Poor customer support,0,164
365,1120,1345,2022-01-22,Price too high,1,26
366,1121,1347,2023-05-05,Poor customer support,1,368
367,1126,1352,2023-11-27,Low usage,0,147
368,1135,1361,2022-08-30,Low usage,1,165
369,1137,1364,2024-09-12,No longer needed,1,799
370,1142,1371,2024-11-13,Low usage,0,94
371,1144,1373,2025-03-09,Missing features,0,324
372,1145,1375,2026-08-03,Low usage,1,350
373,1146,1376,2025-07-06,Poor customer support,1,423
374,1155,1387,2024-09-21,No longer needed,0,266
375,1156,1389,2024-09-16,Poor customer support,1,755
376,1162,1396,2025-06-06,Poor customer support,1,337
377,1166,1400,2026-03-28,Low usage,1,74
378,1167,1401,2023-12-11,Price too high,1,309
379,1169,1404,2025-08-04,Low usage,1,533
380,1174,1411,2026-12-16,Price too high,1,166
381,1178,1416,2025-10-14,Switched to competitor,1,95
382,1187,1425,2026-05-03,Payment failure,1,123
383,1194,1435,2022-09-26,No longer needed,1,536
384,1196,1437,2024-03-03,Switched to competitor,1,428
385,1197,1438,2023-09-07,Switched to competitor,0,47
386,1198,1440,2026-10-18,Poor customer support,0,269
387,1202,1445,2023-05-23,Price too high,1,575
388,1205,1448,2026-03-23,Missing features,1,289
389,1207,1451,2026-07-17,Poor customer support,1,422
390,1214,1458,2024-02-21,Poor customer support,1,563
391,1218,1462,2023-12-27,Missing features,0,64
392,1219,1463,2026-08-31,No longer needed,1,73
393,1221,1466,2021-11-14,Poor customer support,1,32
394,1224,1470,2025-04-05,Price too high,1,260
395,1228,1474,2024-06-22,Poor customer support,1,17
396,1231,1478,2024-04-11,Poor customer support,1,118
397,1238,1486,2022-10-18,Poor customer support,0,612
398,1242,1491,2025-12-17,Switched to competitor,0,342
399,1243,1492,2025-01-27,Missing features,0,538
400,1247,1496,2022-06-08,Missing features,0,101
401,1250,1500,2025-07-10,Low usage,0,155
402,1252,1503,2025-08-18,Low usage,1,28
403,1257,1508,2025-09-08,Poor customer support,0,228
404,1260,1512,2024-05-11,Poor customer support,1,363
405,1264,1517,2023-12-15,Poor customer support,1,397
406,1267,1520,2026-08-23,No longer needed,1,130
407,1268,1521,2025-12-25,Price too high,1,137
408,1271,1524,2026-04-12,Payment failure,0,70
409,1272,1526,2025-07-03,Price too high,1,703
410,1273,1527,2022-05-07,Price too high,0,47
411,1275,1529,2023-01-21,Missing features,0,24
412,1280,1535,2026-01-08,No longer needed,1,76
413,1281,1536,2026-04-27,Low usage,1,507
414,1282,1537,2022-05-31,Low usage,1,115
415,1284,1540,2026-04-08,Switched to competitor,1,250
416,1289,1548,2025-05-08,Price too high,1,550
417,1290,1549,2026-05-10,No longer needed,1,458
418,1294,1553,2026-03-18,Missing features,1,492
419,1296,1555,2023-10-23,No longer needed,1,363
420,1298,1558,2022-12-23,Poor customer support,1,508
421,1300,1560,2026-04-23,Low usage,1,155
422,1303,1564,2026-03-03,Payment failure,1,714
423,1304,1565,2023-07-30,Poor customer support,1,223
424,1306,1568,2024-04-18,No longer needed,1,32
425,1308,1570,2026-08-18,No longer needed,1,582
426,1309,1572,2023-03-26,Poor customer support,1,170
427,1314,1579,2023-11-28,Low usage,1,265
428,1315,1581,2022-02-12,Poor customer support,1,388
429,1316,1583,2023-01-10,No longer needed,1,303
430,1320,1588,2023-10-30,Poor customer support,1,36
431,1323,1592,2024-03-17,Poor customer support,1,230
432,1327,1597,2026-01-06,No longer needed,0,546
433,1331,1601,2023-09-17,Poor customer support,1,159
434,1332,1602,2022-12-13,Switched to competitor,1,73
435,1334,1604,2022-05-03,No longer needed,1,314
436,1335,1606,2025-03-26,Low usage,1,254
437,1337,1608,2025-08-13,Missing features,0,56
438,1339,1610,2023-02-20,No longer needed,1,647
439,1340,1611,2023-02-03,Switched to competitor,1,48
440,1344,1615,2023-12-31,Price too high,1,31
441,1345,1616,2024-09-14,Poor customer support,1,381
442,1347,1618,2026-08-30,No longer needed,0,331
443,1348,1619,2025-03-02,No longer needed,1,26
444,1353,1624,2026-09-03,Low usage,1,134
445,1357,1628,2021-12-12,No longer needed,0,100
446,1359,1630,2024-05-27,Low usage,1,178
447,1361,1632,2022-09-04,Payment failure,0,115
448,1363,1634,2023-06-24,Price too high,1,190
449,1364,1635,2026-09-09,Payment failure,1,81
450,1365,1637,2026-03-05,Price too high,1,329
451,1368,1641,2026-08-21,Price too high,0,401
452,1370,1644,2025-01-29,Low usage,0,296
453,1373,1647,2021-06-30,Switched to competitor,1,86
454,1376,1651,2024-05-12,Payment failure,1,836
455,1382,1661,2025-02-25,Price too high,1,818
456,1385,1666,2024-03-02,Payment failure,1,431
457,1391,1673,2022-08-14,Price too high,1,32
458,1392,1674,2021-06-28,Poor customer support,1,144
459,1398,1682,2026-10-26,Switched to competitor,1,395
460,1401,1686,2024-02-04,Switched to competitor,1,382
461,1404,1689,2023-05-11,Switched to competitor,0,237
462,1405,1690,2024-12-01,Price too high,0,669
463,1407,1692,2023-10-04,No longer needed,1,53
464,1413,1698,2025-06-12,Low usage,1,61
465,1414,1699,2026-04-05,Missing features,1,344
466,1415,1700,2023-08-15,Poor customer support,1,141
467,1426,1714,2024-11-19,Poor customer support,1,32
468,1430,1720,2026-12-21,Poor customer support,1,384
469,1431,1721,2025-06-26,No longer needed,1,90
470,1438,1729,2025-12-04,Poor customer support,1,587
471,1443,1734,2023-03-18,No longer needed,1,29
472,1450,1742,2026-07-21,Missing features,0,21
473,1451,1743,2024-08-14,Payment failure,0,273
474,1452,1745,2022-09-14,No longer needed,1,331
475,1455,1749,2025-07-29,Missing features,0,159
476,1457,1751,2025-05-25,Poor customer support,1,361
477,1460,1755,2023-12-08,Missing features,1,53
478,1461,1756,2025-09-21,Poor customer support,1,24
479,1466,1763,2026-03-04,Switched to competitor,1,559
480,1471,1770,2021-06-02,Missing features,1,86
481,1478,1778,2026-07-16,Missing features,1,385
482,1482,1782,2022-10-17,No longer needed,0,333
483,1486,1786,2025-06-08,Low usage,0,312
484,1489,1789,2026-05-07,Payment failure,1,127
485,1490,1790,2023-01-23,Price too high,1,384
486,1499,1800,2022-02-02,Poor customer support,1,31
487,1500,1801,2025-12-21,No longer needed,0,81
488,1507,1808,2024-07-29,Switched to competitor,1,127
489,1511,1814,2025-01-06,Price too high,0,407
490,1512,1815,2023-06-10,Poor customer support,0,312
491,1518,1821,2025-04-24,Price too high,0,99
492,1525,1830,2021-12-03,Price too high,1,261
493,1530,1836,2024-01-04,Missing features,0,536
494,1536,1845,2024-03-14,No longer needed,1,615
495,1537,1846,2023-03-02,Price too high,1,143
496,1542,1852,2024-04-27,Price too high,1,456
497,1543,1853,2025-06-02,Switched to competitor,1,520
498,1546,1858,2024-01-04,Payment failure,1,549
499,1548,1860,2026-06-16,Low usage,1,52
500,1550,1862,2024-03-31,Payment failure,1,80
501,1551,1863,2023-08-10,Missing features,1,114
502,1556,1870,2026-09-10,Payment failure,1,207
503,1558,1872,2026-08-24,Low usage,1,475
504,1563,1878,2022-09-04,Price too high,1,241
505,1565,1880,2022-08-21,Missing features,1,43
506,1571,1886,2023-03-16,Poor customer support,1,150
507,1572,1887,2021-08-13,Missing features,1,45
508,1573,1888,2024-04-04,Switched to competitor,1,575
509,1576,1891,2022-08-08,Poor customer support,0,103
510,1578,1893,2026-08-20,Poor customer support,1,15
511,1580,1895,2026-07-03,Low usage,1,61
512,1581,1896,2022-01-17,Low usage,1,56
513,1582,1897,2024-04-18,Missing features,0,201
514,1589,1904,2023-09-22,No longer needed,1,268
515,1592,1909,2026-08-18,Payment failure,1,305
516,1593,1911,2027-02-18,Poor customer support,1,311
517,1594,1912,2025-11-05,Poor customer support,0,421
518,1595,1913,2023-12-04,Missing features,0,208
519,1598,1917,2025-04-08,Low usage,1,382
520,1600,1921,2026-01-06,Poor customer support,1,382
521,1601,1922,2026-09-14,No longer needed,0,49
522,1603,1924,2025-07-22,Switched to competitor,1,474
523,1604,1925,2022-06-17,No longer needed,1,434
524,1607,1929,2024-07-30,Switched to competitor,1,437
525,1623,1948,2025-01-18,No longer needed,1,190
526,1624,1949,2025-10-11,Low usage,0,49
527,1625,1951,2025-09-13,Payment failure,0,194
528,1635,1963,2022-05-08,Poor customer support,0,70
529,1636,1964,2022-03-20,Payment failure,1,351
530,1640,1968,2024-02-13,Payment failure,1,18
531,1644,1972,2025-05-01,Price too high,0,194
532,1645,1973,2024-02-11,Price too high,1,604
533,1647,1975,2026-01-04,Low usage,1,83
534,1650,1979,2023-07-17,Price too high,1,606
535,1652,1981,2026-04-25,Missing features,0,74
536,1657,1986,2025-02-14,Payment failure,1,66
537,1659,1989,2023-07-05,Switched to competitor,1,394
538,1661,1991,2024-09-18,Low usage,1,119
539,1666,1996,2023-11-12,Price too high,1,78
540,1667,1997,2026-08-29,Switched to competitor,1,73
541,1672,2003,2022-02-03,Low usage,0,28
542,1674,2005,2026-03-05,Price too high,1,34
543,1675,2006,2026-07-14,Poor customer support,1,189
544,1677,2008,2026-05-15,Payment failure,1,180
545,1682,2014,2023-11-29,Low usage,1,99
546,1684,2018,2026-06-17,Low usage,0,330
547,1685,2019,2024-05-24,Price too high,1,374
548,1686,2021,2023-09-06,Price too high,1,409
549,1690,2026,2026-03-27,No longer needed,0,123
550,1691,2027,2025-11-04,Switched to competitor,0,65
551,1696,2033,2025-08-12,Low usage,0,582
552,1703,2042,2021-03-10,Low usage,0,24
553,1705,2044,2025-11-01,No longer needed,1,41
554,1706,2045,2023-05-27,Missing features,1,190
555,1710,2050,2022-03-02,Low usage,0,314
556,1712,2053,2024-09-21,Low usage,1,327
557,1714,2055,2024-10-25,Missing features,0,678
558,1721,2063,2022-01-19,Switched to competitor,1,161
559,1726,2068,2026-08-14,Poor customer support,1,271
560,1731,2075,2024-02-28,Missing features,1,108
561,1738,2084,2023-10-13,Missing features,1,225
562,1742,2090,2025-03-14,Low usage,1,777
563,1744,2093,2026-07-02,Price too high,1,151
564,1745,2094,2024-01-16,Price too high,1,56
565,1749,2099,2025-08-12,Missing features,1,76
566,1752,2103,2026-07-12,Payment failure,1,210
567,1754,2107,2026-03-13,Poor customer support,1,871
568,1756,2110,2022-02-28,Payment failure,1,269
569,1757,2111,2024-07-08,No longer needed,1,664
570,1758,2112,2021-03-12,Price too high,1,55
571,1761,2116,2022-07-11,Payment failure,1,60
572,1763,2118,2022-03-04,Price too high,0,201
573,1764,2120,2026-09-04,Switched to competitor,1,576
574,1767,2123,2024-07-24,Payment failure,0,518
575,1771,2127,2021-08-09,Missing features,0,117
576,1780,2136,2022-09-13,Poor customer support,1,433
577,1781,2137,2022-04-22,Price too high,1,418
578,1785,2141,2023-07-09,Missing features,1,16
579,1786,2142,2026-04-07,No longer needed,1,541
580,1790,2147,2024-09-03,No longer needed,1,220
581,1791,2148,2026-07-24,Missing features,0,515
582,1792,2150,2025-10-23,No longer needed,0,759
583,1797,2157,2023-11-17,Price too high,1,531
584,1798,2159,2026-09-21,Poor customer support,1,245
585,1801,2162,2026-06-20,No longer needed,1,281
586,1802,2164,2023-09-03,Low usage,1,189
587,1810,2177,2026-05-08,Missing features,1,97
588,1815,2184,2023-04-21,No longer needed,1,439
589,1817,2186,2026-06-10,Poor customer support,1,57
590,1818,2187,2026-04-10,Payment failure,0,140
591,1821,2191,2026-04-10,Payment failure,0,457
592,1823,2195,2022-09-12,Switched to competitor,0,375
593,1825,2198,2025-04-06,Payment failure,1,149
594,1826,2199,2023-06-16,No longer needed,1,254
595,1833,2207,2026-07-03,Low usage,1,82
596,1835,2209,2022-03-25,Low usage,0,47
597,1837,2212,2024-03-22,No longer needed,1,284
598,1839,2215,2026-09-17,Payment failure,1,120
599,1841,2217,2021-05-26,Payment failure,1,46
600,1842,2218,2025-10-21,Payment failure,1,94
601,1844,2220,2025-04-30,No longer needed,1,217
602,1846,2222,2024-11-15,Switched to competitor,1,566
603,1849,2226,2025-10-11,No longer needed,1,247
604,1852,2230,2023-06-07,Low usage,0,321
605,1856,2236,2024-12-19,Switched to competitor,1,313
606,1857,2238,2025-08-31,Low usage,1,289
607,1858,2239,2023-03-08,Switched to competitor,1,294
608,1859,2240,2024-06-05,Missing features,1,54
609,1861,2242,2022-02-21,Poor customer support,1,88
610,1863,2244,2023-01-30,Price too high,1,301
611,1865,2246,2024-05-30,Price too high,1,45
612,1872,2253,2026-03-17,Price too high,1,78
613,1874,2256,2025-06-19,No longer needed,1,702
614,1876,2258,2026-03-18,Missing features,1,35
615,1878,2260,2024-09-14,Payment failure,0,692
616,1880,2262,2024-05-11,No longer needed,1,160
617,1884,2266,2021-08-14,Missing features,0,123
618,1885,2267,2026-08-08,Poor customer support,1,169
619,1887,2269,2026-09-02,Low usage,1,129
620,1890,2272,2022-06-16,Low usage,1,53
621,1891,2273,2024-01-11,Missing features,1,203
622,1894,2278,2022-10-30,Poor customer support,1,325
623,1897,2282,2024-04-05,Low usage,0,585
624,1907,2296,2026-07-06,Price too high,1,120
625,1912,2302,2024-01-21,Missing features,1,40
626,1924,2315,2022-07-31,Low usage,1,262
627,1925,2316,2022-08-20,Low usage,0,209
628,1930,2321,2024-05-01,Low usage,0,64
629,1935,2326,2025-07-27,Low usage,1,242
630,1936,2327,2023-10-16,Missing features,0,449
631,1939,2331,2023-07-16,Missing features,0,399
632,1940,2332,2025-11-18,Low usage,1,523
633,1945,2339,2021-10-01,Price too high,1,96
634,1947,2341,2023-09-03,Missing features,1,156
635,1948,2343,2023-01-17,Low usage,1,627
636,1955,2351,2025-08-15,Missing features,1,186
637,1956,2352,2026-06-14,Missing features,0,190
638,1959,2355,2022-08-18,Price too high,1,88
639,1961,2357,2022-10-04,Low usage,1,475
640,1964,2361,2026-07-07,Price too high,1,345
641,1967,2366,2022-06-18,Missing features,1,103
642,1971,2370,2025-10-19,Missing features,0,365
643,1980,2380,2022-02-02,Payment failure,1,118
644,1981,2381,2023-02-02,Low usage,1,29
645,1984,2385,2026-08-19,Price too high,1,40
646,1987,2388,2022-04-02,No longer needed,1,327
647,1990,2391,2024-10-15,Low usage,1,142
648,1991,2392,2026-07-11,No longer needed,1,253
649,1992,2393,2026-07-07,Payment failure,1,17
650,1994,2396,2023-08-24,Switched to competitor,1,737
651,1995,2397,2026-02-23,Missing features,1,332
652,1997,2399,2022-01-10,Missing features,1,190
653,2003,2406,2022-06-19,Poor customer support,1,66
654,2006,2409,2021-06-07,Poor customer support,1,66
655,2007,2410,2025-07-17,Switched to competitor,1,60
656,2009,2412,2025-08-25,No longer needed,1,321
657,2010,2413,2023-12-15,Poor customer support,1,396
658,2011,2415,2026-10-20,Low usage,1,333
659,2012,2416,2024-04-23,Low usage,1,332
660,2014,2418,2022-09-05,Poor customer support,1,236
661,2016,2420,2026-08-09,Payment failure,0,100
662,2018,2422,2024-06-15,Price too high,1,33
663,2021,2425,2023-02-06,Payment failure,1,27
664,2022,2426,2024-04-21,Low usage,1,442
665,2024,2428,2026-06-15,No longer needed,1,215
666,2026,2430,2025-08-28,No longer needed,1,716
667,2028,2432,2023-07-28,Price too high,0,105
668,2029,2433,2024-05-24,Payment failure,1,582
669,2032,2437,2026-04-24,Payment failure,1,668
670,2033,2438,2026-01-16,No longer needed,0,55
671,2036,2442,2023-09-07,Low usage,0,259
672,2042,2448,2025-03-19,Missing features,1,507
673,2044,2451,2026-08-15,Switched to competitor,1,455
674,2048,2456,2026-07-17,Low usage,1,15
675,2050,2458,2024-01-10,Missing features,1,95
676,2053,2462,2023-01-17,Switched to competitor,1,523
677,2054,2463,2024-02-05,Low usage,1,94
678,2055,2464,2025-02-18,Switched to competitor,1,23
679,2059,2469,2026-04-10,Low usage,1,128
680,2064,2474,2024-11-20,Switched to competitor,0,81
681,2066,2476,2026-01-20,Payment failure,1,29
682,2068,2478,2025-09-15,No longer needed,1,433
683,2073,2484,2025-10-19,Price too high,1,55
684,2077,2488,2024-01-12,No longer needed,1,34
685,2080,2491,2023-01-15,Low usage,0,48
686,2083,2494,2023-04-30,Switched to competitor,1,69
687,2085,2496,2023-10-04,No longer needed,1,124
688,2088,2500,2026-06-28,Switched to competitor,0,157
689,2091,2504,2023-06-28,Price too high,1,39
690,2094,2507,2026-05-18,No longer needed,1,35
691,2097,2512,2022-08-08,Price too high,1,43
692,2099,2514,2026-08-13,Switched to competitor,1,32
693,2102,2518,2024-11-10,Low usage,1,126
694,2109,2527,2025-05-23,Low usage,1,538
695,2115,2535,2025-09-30,Switched to competitor,1,616
696,2117,2537,2023-12-26,No longer needed,1,350
697,2118,2538,2026-09-02,Payment failure,0,30
698,2125,2548,2026-09-15,Low usage,0,228
699,2127,2550,2025-01-04,Payment failure,1,141
700,2130,2554,2022-05-22,Price too high,0,422
701,2135,2560,2023-10-31,Payment failure,1,215
702,2139,2566,2023-07-18,Low usage,1,548
703,2140,2567,2026-04-17,Low usage,1,34
704,2141,2568,2026-09-08,Switched to competitor,0,48
705,2142,2570,2023-02-13,Missing features,0,430
706,2145,2573,2026-05-06,No longer needed,1,200
707,2147,2575,2026-04-16,No longer needed,1,191
708,2150,2578,2026-04-04,No longer needed,1,24
709,2154,2583,2023-03-10,Switched to competitor,0,32
710,2158,2589,2026-07-05,Payment failure,0,127
711,2159,2590,2026-07-17,Price too high,1,30
712,2161,2593,2025-08-22,Payment failure,0,455
713,2166,2600,2022-12-16,Poor customer support,1,108
714,2168,2602,2026-07-13,Poor customer support,0,33
715,2174,2608,2026-07-24,No longer needed,0,39
716,2175,2609,2026-08-12,Low usage,1,51
717,2177,2611,2022-12-02,Missing features,1,440
718,2178,2612,2026-05-18,Payment failure,0,25
719,2183,2618,2026-05-02,No longer needed,0,29
720,2185,2620,2026-06-13,Switched to competitor,0,55
721,2187,2622,2026-07-21,Poor customer support,1,50
722,2216,2660,2022-11-08,Missing features,1,440
723,2220,2666,2024-01-30,No longer needed,1,523
724,2225,2673,2024-08-30,Poor customer support,1,175
725,2226,2674,2024-10-29,Poor customer support,1,119
726,2228,2676,2024-05-19,Low usage,1,175
727,2229,2677,2022-06-06,Poor customer support,1,69
728,2230,2678,2025-01-23,Price too high,1,420
729,2235,2684,2023-04-24,Payment failure,1,270
730,2243,2694,2025-09-27,Switched to competitor,0,113
731,2251,2705,2024-02-28,Poor customer support,1,702
732,2256,2710,2021-08-24,Missing features,1,36
733,2258,2712,2023-03-14,No longer needed,0,301
734,2259,2714,2023-11-03,Price too high,1,853
735,2262,2717,2022-07-19,Low usage,1,21
736,2265,2720,2026-05-27,Price too high,0,295
737,2266,2721,2025-06-26,No longer needed,1,249
738,2270,2725,2024-04-04,Price too high,0,401
739,2272,2728,2027-02-10,Low usage,1,282
740,2277,2735,2022-11-11,Missing features,1,584
741,2280,2739,2023-06-28,Payment failure,1,502
742,2281,2740,2023-06-04,Payment failure,0,295
743,2282,2741,2023-05-08,Payment failure,1,226
744,2284,2743,2021-07-09,Price too high,1,78
745,2287,2746,2022-11-18,Switched to competitor,0,191
746,2291,2751,2021-12-07,Low usage,1,72
747,2306,2770,2025-02-15,Payment failure,0,362
748,2308,2772,2026-05-15,Price too high,1,106
749,2309,2773,2025-08-14,Low usage,1,287
750,2316,2781,2025-10-01,Price too high,0,268
751,2318,2783,2026-05-17,Missing features,1,142
752,2321,2788,2024-03-30,Low usage,1,279
753,2322,2789,2021-11-01,No longer needed,1,154
754,2325,2793,2026-08-19,No longer needed,1,33
755,2328,2796,2023-10-05,Payment failure,0,74
756,2329,2797,2023-07-08,No longer needed,1,133
757,2334,2802,2026-08-13,Payment failure,1,21
758,2337,2806,2024-08-27,Missing features,0,537
759,2339,2808,2023-06-03,Switched to competitor,1,579
760,2343,2815,2026-06-20,Price too high,1,57
761,2344,2817,2025-12-27,Low usage,0,455
762,2347,2820,2026-08-17,Missing features,1,509
763,2351,2826,2022-07-07,Poor customer support,1,339
764,2353,2828,2021-07-07,Missing features,1,144
765,2354,2829,2025-11-25,Switched to competitor,1,36
766,2361,2838,2026-02-25,Payment failure,1,60
767,2366,2844,2025-10-16,Price too high,1,345
768,2370,2849,2025-01-30,Missing features,1,92
769,2371,2851,2026-11-09,Price too high,1,224
770,2380,2863,2024-05-09,Price too high,1,641
771,2382,2865,2023-04-21,Price too high,1,30
772,2385,2869,2023-12-14,Payment failure,1,356
773,2386,2870,2023-02-14,Poor customer support,1,212
774,2387,2871,2025-01-31,Switched to competitor,1,105
775,2392,2877,2026-09-15,Switched to competitor,1,324
776,2395,2881,2022-10-14,Price too high,1,134
777,2402,2890,2022-01-24,Missing features,1,239
778,2403,2892,2026-11-25,Payment failure,1,303
779,2407,2896,2026-01-15,Switched to competitor,1,20
780,2411,2901,2025-08-28,Price too high,0,402
781,2417,2908,2024-12-16,Payment failure,1,421
782,2422,2913,2022-10-20,Switched to competitor,0,46
783,2425,2917,2022-10-06,Payment failure,1,292
784,2427,2919,2022-07-23,Poor customer support,1,445
785,2428,2920,2023-01-22,Poor customer support,0,226
786,2429,2921,2026-08-26,Payment failure,1,16
787,2431,2924,2025-04-27,No longer needed,1,350
788,2432,2925,2021-11-19,Missing features,0,191
789,2433,2926,2025-11-06,Missing features,1,169
790,2434,2927,2022-01-02,Payment failure,1,106
791,2435,2929,2027-04-16,No longer needed,1,352
792,2437,2931,2023-06-11,Payment failure,1,189
793,2438,2933,2024-06-27,No longer needed,0,546
794,2439,2935,2027-01-30,Payment failure,0,219
795,2442,2938,2022-03-11,Low usage,0,148
796,2448,2945,2024-10-06,Low usage,1,724
797,2454,2953,2023-08-03,Low usage,1,784
798,2455,2954,2026-02-28,No longer needed,1,15
799,2457,2956,2024-03-01,Payment failure,1,135
800,2459,2959,2022-05-27,Payment failure,1,120
801,2460,2960,2024-05-26,Low usage,1,260
802,2461,2961,2024-07-22,Switched to competitor,1,103
803,2462,2962,2026-09-11,Payment failure,1,58
804,2465,2966,2024-03-29,Low usage,0,148
805,2466,2967,2026-03-24,Payment failure,1,15
806,2467,2968,2025-09-04,No longer needed,1,146
807,2468,2970,2025-01-22,Payment failure,1,686
808,2472,2976,2023-10-25,Low usage,1,35
809,2478,2983,2023-01-20,Price too high,1,21
810,2485,2992,2025-05-17,No longer needed,1,217
811,2496,3004,2026-02-17,Payment failure,1,190
812,2499,3007,2025-09-06,No longer needed,0,381
813,2501,3010,2027-05-18,No longer needed,1,354
814,2502,3011,2026-06-25,Price too high,1,163
815,2506,3015,2023-03-17,Payment failure,1,242
816,2507,3016,2024-03-12,Poor customer support,1,339
817,2508,3017,2021-10-10,Price too high,1,127
818,2512,3023,2023-08-27,Poor customer support,1,30
819,2522,3034,2024-06-25,No longer needed,1,268
820,2527,3040,2026-05-27,Poor customer support,0,241
821,2531,3044,2024-07-14,Price too high,1,237
822,2538,3051,2021-11-11,Switched to competitor,0,23
823,2539,3052,2025-07-28,Switched to competitor,1,93
824,2544,3059,2026-06-21,Payment failure,1,517
825,2553,3069,2022-06-29,Poor customer support,1,97
826,2555,3073,2026-07-29,Poor customer support,1,405
827,2557,3075,2021-12-14,Switched to competitor,1,61
828,2559,3078,2024-05-07,Payment failure,1,524
829,2560,3079,2023-07-01,Low usage,1,361
830,2563,3082,2023-12-03,Poor customer support,1,281
831,2565,3085,2024-04-30,Missing features,1,15
832,2566,3086,2024-02-27,Low usage,1,19
833,2573,3094,2024-08-19,Missing features,1,35
834,2576,3097,2025-11-08,Low usage,1,127
835,2580,3102,2026-04-10,No longer needed,1,606
836,2585,3108,2023-04-25,Price too high,1,45
837,2588,3112,2024-01-12,Poor customer support,1,418
838,2591,3116,2022-11-25,Price too high,1,37
839,2602,3132,2022-06-11,Low usage,0,520
840,2603,3133,2024-12-05,No longer needed,0,657
841,2607,3137,2024-07-19,Missing features,1,399
842,2610,3140,2022-08-22,Switched to competitor,0,93
843,2612,3143,2025-09-07,Price too high,1,517
844,2614,3146,2023-10-21,Switched to competitor,0,102
845,2616,3148,2024-06-21,Low usage,1,42
846,2618,3150,2025-04-12,Switched to competitor,0,136
847,2620,3152,2025-07-17,Missing features,1,46
848,2621,3153,2022-04-13,Low usage,1,246
849,2625,3159,2025-07-07,Price too high,1,165
850,2631,3169,2023-10-31,Poor customer support,1,47
851,2633,3172,2022-07-24,Missing features,1,202
852,2638,3177,2026-08-02,Poor customer support,1,75
853,2644,3184,2027-02-04,Switched to competitor,1,224
854,2645,3185,2022-08-23,Price too high,1,91
855,2646,3186,2023-11-19,Poor customer support,0,312
856,2647,3187,2021-03-25,Low usage,1,62
857,2651,3191,2024-10-02,Switched to competitor,1,148
858,2654,3194,2026-03-11,Switched to competitor,1,73
859,2655,3195,2024-10-07,Low usage,0,94
860,2657,3197,2024-03-29,Low usage,1,212
861,2660,3201,2024-02-25,Low usage,1,624
862,2665,3208,2024-10-20,Switched to competitor,1,285
863,2667,3210,2023-02-18,Price too high,0,107
864,2668,3211,2025-12-06,Missing features,1,24
865,2676,3220,2026-09-06,Poor customer support,1,69
866,2681,3225,2025-04-27,Price too high,1,516
867,2682,3226,2023-01-30,Switched to competitor,1,123
868,2683,3227,2025-12-27,Low usage,1,270
869,2684,3228,2023-02-08,Price too high,0,552
870,2685,3229,2025-08-06,Switched to competitor,0,658
871,2686,3230,2026-08-09,No longer needed,1,171
872,2687,3231,2026-07-28,Price too high,1,115
873,2688,3232,2026-01-30,Switched to competitor,0,103
874,2689,3233,2024-12-21,Price too high,1,200
875,2690,3234,2026-04-04,Price too high,1,254
876,2691,3235,2022-11-07,Poor customer support,1,361
877,2697,3243,2023-11-12,Low usage,1,267
878,2702,3250,2026-01-07,Missing features,1,101
879,2704,3253,2023-02-14,Switched to competitor,1,292
880,2708,3258,2022-04-08,Switched to competitor,1,227
881,2710,3260,2022-08-21,Switched to competitor,1,159
882,2713,3264,2023-02-08,Low usage,0,139
883,2714,3265,2021-03-21,Price too high,1,51
884,2719,3272,2022-01-10,No longer needed,1,351
885,2720,3273,2022-04-25,Payment failure,1,26
886,2724,3277,2026-04-28,Low usage,1,219
887,2733,3288,2023-09-14,Poor customer support,1,221
888,2735,3290,2023-08-20,No longer needed,1,149
889,2736,3291,2023-11-07,Low usage,0,298
890,2737,3292,2024-07-11,Switched to competitor,1,348
891,2739,3294,2026-04-06,No longer needed,1,175
892,2741,3297,2026-04-19,Poor customer support,0,679
893,2746,3303,2023-10-30,Poor customer support,1,21
894,2748,3305,2024-11-28,Payment failure,1,559
895,2753,3311,2026-09-07,Switched to competitor,1,553
896,2754,3312,2023-08-02,No longer needed,1,83
897,2756,3315,2022-11-25,Payment failure,0,201
898,2757,3316,2024-01-13,Poor customer support,1,317
899,2764,3324,2023-01-12,Switched to competitor,1,652
900,2765,3325,2024-06-25,Payment failure,1,743
901,2766,3326,2022-12-28,No longer needed,1,477
902,2775,3340,2023-09-23,Low usage,1,78
903,2779,3346,2021-07-20,Missing features,1,195
904,2789,3357,2023-01-08,Price too high,1,100
905,2791,3359,2026-08-22,Price too high,1,28
906,2794,3362,2024-07-16,Missing features,1,22
907,2795,3363,2023-07-19,Missing features,1,160
908,2796,3364,2026-01-05,Missing features,1,84
909,2797,3365,2022-09-08,No longer needed,1,205
910,2799,3368,2026-08-07,No longer needed,1,472
911,2802,3371,2021-12-06,Payment failure,1,284
912,2805,3374,2023-08-27,Poor customer support,0,300
913,2809,3379,2026-03-11,Switched to competitor,0,680
914,2826,3403,2024-12-06,Price too high,1,295
915,2829,3407,2025-09-07,Price too high,1,15
916,2830,3408,2022-10-27,Switched to competitor,0,98
917,2832,3411,2026-09-03,Price too high,1,54
918,2839,3419,2026-08-17,Price too high,1,330
919,2842,3423,2026-07-04,Missing features,1,271
920,2846,3427,2025-09-17,Payment failure,0,15
921,2851,3434,2022-04-19,Low usage,0,342
922,2853,3437,2026-04-29,No longer needed,1,84
923,2855,3439,2022-11-08,Low usage,1,34
924,2856,3440,2025-05-31,Missing features,1,65
925,2858,3443,2026-06-20,Poor customer support,0,390
926,2861,3447,2026-07-19,Low usage,1,467
927,2862,3448,2026-09-02,Missing features,1,333
928,2863,3449,2023-09-22,No longer needed,1,567
929,2869,3455,2021-12-12,Price too high,1,162
930,2873,3460,2025-01-15,Missing features,1,18
931,2883,3473,2023-02-20,Poor customer support,0,617
932,2884,3475,2026-07-14,Switched to competitor,0,1041
933,2887,3479,2023-04-03,Low usage,0,465
934,2896,3489,2024-07-28,Price too high,0,20
935,2897,3490,2026-08-28,Price too high,1,222
936,2899,3493,2022-06-21,Price too high,1,504
937,2902,3496,2022-07-05,Low usage,0,168
938,2903,3497,2026-05-14,Missing features,1,55
939,2904,3498,2022-05-06,Missing features,1,47
940,2911,3505,2025-06-10,Price too high,1,141
941,2913,3507,2024-03-12,No longer needed,1,61
942,2914,3509,2023-06-01,No longer needed,0,539
943,2917,3514,2023-09-19,Switched to competitor,1,238
944,2918,3516,2025-04-06,Missing features,1,156
945,2927,3528,2026-04-08,Price too high,0,78
946,2928,3529,2022-09-04,Price too high,1,212
947,2934,3536,2027-03-25,Price too high,0,407
948,2936,3539,2025-02-10,Switched to competitor,1,126
949,2942,3546,2026-07-04,Missing features,1,326
950,2946,3552,2025-05-04,Missing features,1,24
951,2948,3554,2025-09-21,No longer needed,1,103
952,2951,3558,2021-02-08,Price too high,1,21
953,2952,3559,2021-06-17,Low usage,1,60
954,2953,3560,2024-08-20,Poor customer support,1,27
955,2957,3565,2025-08-10,Payment failure,0,83
956,2958,3567,2025-08-09,No longer needed,1,378
957,2959,3569,2025-03-05,Price too high,0,578
958,2964,3574,2022-11-29,Low usage,1,71
959,2969,3579,2026-04-24,Price too high,1,391
960,2973,3583,2025-07-11,Missing features,1,579
961,2976,3586,2021-12-08,Missing features,1,40
962,2977,3587,2023-11-26,Payment failure,1,198
963,2985,3595,2024-02-18,Poor customer support,1,258
964,2990,3602,2025-06-20,Poor customer support,0,426
965,2992,3604,2024-06-03,Price too high,1,225
966,2996,3609,2025-11-11,Payment failure,1,663
967,2997,3610,2025-08-01,Price too high,1,105
968,2998,3611,2025-02-01,Payment failure,0,47
969,3001,3614,2025-01-14,Payment failure,1,32
970,3002,3615,2023-03-29,Price too high,0,81
971,3004,3618,2025-05-17,Switched to competitor,1,75
972,3005,3619,2023-06-24,Payment failure,1,404
973,3007,3622,2026-01-15,No longer needed,0,523
974,3010,3627,2023-05-25,Poor customer support,1,568
975,3011,3628,2026-08-16,Missing features,1,271
976,3015,3633,2025-01-01,Poor customer support,0,123
977,3016,3634,2022-02-14,Low usage,1,322
978,3019,3638,2022-09-20,No longer needed,1,467
979,3025,3647,2023-08-24,Low usage,1,468
980,3028,3651,2024-04-24,Switched to competitor,1,282
981,3029,3652,2026-07-28,Payment failure,1,524
982,3030,3653,2023-12-31,Missing features,0,31
983,3031,3654,2025-07-17,Payment failure,1,412
984,3032,3655,2025-06-26,Low usage,0,83
985,3035,3658,2025-12-29,Low usage,0,131
986,3040,3664,2024-02-03,Payment failure,0,285
987,3041,3665,2026-08-26,Low usage,0,38
988,3042,3666,2024-10-03,Poor customer support,1,486
989,3046,3671,2023-07-28,Price too high,0,42
990,3052,3677,2026-06-01,Price too high,0,123
991,3065,3694,2024-10-31,No longer needed,0,499
992,3066,3695,2026-08-22,Price too high,1,31
993,3067,3697,2026-07-29,No longer needed,1,612
994,3071,3702,2022-12-19,Price too high,0,20
995,3073,3704,2022-09-18,Poor customer support,1,45
996,3074,3705,2026-02-03,Payment failure,0,107
997,3076,3707,2025-08-21,Poor customer support,1,251
998,3081,3713,2024-12-23,Payment failure,1,78
999,3082,3714,2024-02-15,Poor customer support,1,86
1000,3085,3717,2026-07-09,Switched to competitor,1,32
1001,3091,3724,2024-09-13,Payment failure,1,230
1002,3094,3729,2025-10-06,Low usage,1,30
1003,3098,3733,2026-09-01,Price too high,1,26
1004,3099,3734,2024-04-26,Price too high,0,596
1005,3101,3738,2022-02-22,Payment failure,0,153
1006,3106,3744,2025-05-22,Missing features,0,442
1007,3107,3745,2023-08-26,Switched to competitor,1,332
1008,3119,3760,2026-03-09,Switched to competitor,1,83
1009,3121,3763,2027-02-18,Switched to competitor,1,329
1010,3123,3765,2023-08-09,Missing features,1,588
1011,3128,3770,2026-07-15,Price too high,1,136
1012,3135,3778,2026-08-06,Payment failure,1,811
1013,3139,3784,2024-03-09,Switched to competitor,0,327
1014,3146,3794,2023-06-27,Low usage,1,208
1015,3147,3796,2023-10-22,Switched to competitor,1,204
1016,3148,3797,2026-01-27,Poor customer support,0,667
1017,3151,3801,2026-08-16,Switched to competitor,1,153
1018,3155,3805,2026-03-07,Price too high,1,71
1019,3157,3808,2022-01-20,No longer needed,0,347
1020,3160,3811,2023-05-22,Price too high,0,251
1021,3163,3816,2023-06-05,Missing features,0,606
1022,3167,3821,2021-12-30,Price too high,0,87
1023,3168,3822,2024-02-13,Low usage,1,189
1024,3169,3823,2026-09-04,Poor customer support,1,27
1025,3170,3824,2023-09-13,Poor customer support,1,37
1026,3171,3825,2023-08-30,Low usage,1,259
1027,3190,3849,2025-12-02,Low usage,1,441
1028,3192,3852,2022-08-14,Switched to competitor,0,312
1029,3196,3857,2021-09-29,Poor customer support,1,149
1030,3197,3858,2024-01-16,Switched to competitor,1,42
1031,3198,3860,2023-05-09,Poor customer support,1,288
1032,3199,3861,2023-06-04,Payment failure,1,629
1033,3201,3863,2022-03-25,Price too high,1,118
1034,3203,3865,2021-10-13,Payment failure,1,140
1035,3204,3866,2025-01-22,Poor customer support,0,48
1036,3208,3871,2025-08-19,Payment failure,1,106
1037,3212,3876,2026-08-08,Poor customer support,1,257
1038,3217,3884,2026-05-07,Poor customer support,0,156
1039,3218,3885,2025-02-20,Payment failure,0,225
1040,3219,3886,2026-04-21,Payment failure,1,739
1041,3221,3888,2022-03-22,Low usage,0,133
1042,3222,3889,2026-08-18,Missing features,1,28
1043,3226,3894,2023-02-17,No longer needed,1,350
1044,3228,3896,2023-01-28,Low usage,1,196
1045,3230,3898,2021-08-30,Low usage,1,95
1046,3234,3902,2024-07-27,Payment failure,1,160
1047,3235,3903,2021-09-13,Poor customer support,1,178
1048,3237,3905,2024-03-22,Price too high,1,421
1049,3241,3909,2024-11-24,Payment failure,1,27
1050,3242,3910,2026-05-10,Price too high,1,204
1051,3246,3916,2024-06-02,Switched to competitor,1,273
1052,3248,3919,2025-01-24,Payment failure,1,273
1053,3253,3925,2026-07-09,No longer needed,1,120
1054,3256,3928,2022-01-14,Price too high,1,53
1055,3261,3935,2025-10-23,Payment failure,1,803
1056,3262,3936,2023-12-02,Switched to competitor,0,311
1057,3263,3937,2025-03-03,No longer needed,1,223
1058,3264,3939,2022-03-31,Price too high,1,205
1059,3265,3940,2021-07-02,Poor customer support,1,116
1060,3267,3942,2022-10-06,Poor customer support,0,196
1061,3270,3945,2026-01-18,Payment failure,0,140
1062,3277,3955,2026-03-06,Missing features,1,481
1063,3279,3958,2026-06-09,Price too high,0,425
1064,3281,3960,2025-10-29,Poor customer support,0,50
1065,3283,3962,2026-08-23,Payment failure,1,254
1066,3285,3965,2025-10-22,Price too high,0,273
1067,3286,3966,2022-05-10,Switched to competitor,1,22
1068,3291,3971,2022-08-16,Low usage,1,27
1069,3298,3978,2021-05-22,Switched to competitor,1,43
1070,3299,3980,2023-08-12,Poor customer support,0,411
1071,3302,3983,2025-04-05,Low usage,1,176
1072,3303,3984,2022-12-31,Price too high,1,288
1073,3304,3985,2025-02-09,Payment failure,0,47
1074,3308,3990,2025-11-26,No longer needed,1,275
1075,3309,3991,2026-01-09,Missing features,1,281
1076,3312,3996,2026-10-14,Price too high,1,365
1077,3314,3998,2023-11-14,Missing features,1,185
1078,3315,4000,2026-05-19,Switched to competitor,1,677
1079,3323,4009,2025-07-03,Missing features,1,131
1080,3329,4016,2022-01-15,Switched to competitor,1,75
1081,3330,4017,2025-10-06,Low usage,0,366
1082,3332,4020,2022-09-01,Switched to competitor,1,451
1083,3333,4021,2024-08-29,Price too high,0,36
1084,3334,4023,2022-12-02,Low usage,1,668
1085,3335,4024,2026-02-06,Poor customer support,1,322
1086,3336,4025,2024-05-25,Payment failure,1,154
1087,3341,4030,2023-06-25,Switched to competitor,1,176
1088,3342,4031,2025-10-20,Price too high,1,196
1089,3345,4034,2026-09-01,Missing features,0,62
1090,3346,4035,2025-03-30,Payment failure,0,87
1091,3352,4043,2026-11-01,Price too high,1,127
1092,3356,4048,2026-03-15,Switched to competitor,1,215
1093,3359,4052,2021-11-29,Poor customer support,1,146
1094,3360,4053,2023-12-31,Payment failure,0,188
1095,3361,4054,2024-04-03,No longer needed,1,344
1096,3366,4059,2024-04-12,Price too high,1,335
1097,3368,4061,2024-12-09,Poor customer support,1,250
1098,3373,4068,2021-10-11,No longer needed,1,184
1099,3375,4070,2026-04-04,Switched to competitor,0,372
1100,3380,4076,2025-06-11,No longer needed,0,297
1101,3384,4082,2023-03-22,Price too high,1,429
1102,3386,4084,2024-01-06,Switched to competitor,1,99
1103,3390,4089,2026-08-25,Price too high,1,110
1104,3391,4090,2025-06-16,Switched to competitor,0,266
1105,3397,4098,2024-04-15,Switched to competitor,1,584
1106,3401,4102,2022-08-18,No longer needed,0,261
1107,3408,4110,2026-12-28,Poor customer support,1,404
1108,3413,4116,2025-01-15,No longer needed,0,123
1109,3419,4124,2022-08-15,Missing features,1,204
1110,3420,4125,2023-04-21,Missing features,1,200
1111,3421,4127,2025-07-16,Missing features,1,732
1112,3424,4131,2024-08-26,Low usage,0,290
1113,3425,4132,2021-12-01,Low usage,0,17
1114,3426,4133,2024-04-24,No longer needed,1,323
1115,3427,4134,2023-02-25,Payment failure,1,366
1116,3431,4138,2024-04-21,Payment failure,0,320
1117,3436,4144,2024-09-11,No longer needed,0,363
1118,3442,4151,2023-04-14,No longer needed,1,341
1119,3445,4154,2023-06-26,Low usage,1,124
1120,3452,4161,2024-03-18,Switched to competitor,0,49
1121,3457,4166,2022-07-12,Poor customer support,1,18
1122,3462,4172,2025-10-15,Low usage,1,248
1123,3464,4176,2022-09-21,Low usage,1,362
1124,3469,4182,2022-08-04,Poor customer support,0,98
1125,3473,4188,2023-02-12,Payment failure,1,79
1126,3476,4192,2023-08-24,Poor customer support,1,422
1127,3479,4195,2024-02-09,Price too high,1,17
1128,3481,4197,2022-09-11,Low usage,1,240
1129,3482,4199,2026-04-09,Payment failure,1,435
1130,3484,4202,2022-03-04,No longer needed,0,277
1131,3486,4204,2024-05-16,Payment failure,1,49
1132,3493,4213,2025-09-18,Missing features,1,252
1133,3496,4217,2026-06-15,No longer needed,1,79
1134,3501,4223,2024-05-31,Switched to competitor,0,17
1135,3508,4233,2023-01-19,No longer needed,1,71
1136,3509,4235,2025-06-22,Poor customer support,0,813
1137,3511,4238,2026-06-20,Price too high,1,208
1138,3512,4239,2022-12-12,Payment failure,1,79
1139,3516,4244,2027-01-16,Poor customer support,0,308
1140,3521,4250,2021-08-18,Poor customer support,1,119
1141,3522,4251,2024-10-01,Missing features,1,406
1142,3524,4253,2025-08-26,Low usage,0,68
1143,3527,4258,2026-06-22,Price too high,1,608
1144,3528,4259,2025-10-31,No longer needed,1,21
1145,3534,4266,2023-06-30,Low usage,1,383
1146,3538,4271,2026-06-22,Price too high,1,154
1147,3542,4276,2025-03-29,Switched to competitor,0,492
1148,3543,4278,2026-10-20,Low usage,1,255
1149,3544,4279,2024-05-23,Low usage,1,85
1150,3545,4280,2026-07-14,No longer needed,1,135
1151,3551,4288,2023-01-04,Payment failure,1,584
1152,3554,4291,2026-09-04,Price too high,1,51
1153,3558,4296,2022-11-05,Switched to competitor,1,259
1154,3559,4297,2024-12-09,No longer needed,0,55
1155,3563,4302,2024-12-29,Missing features,0,390
1156,3565,4305,2027-02-16,Poor customer support,1,300
1157,3567,4308,2025-09-06,Low usage,1,77
1158,3568,4309,2024-04-23,Poor customer support,1,92
1159,3570,4311,2024-04-10,Switched to competitor,1,70
1160,3571,4313,2025-06-16,Poor customer support,1,324
1161,3572,4314,2021-05-07,Missing features,1,52
1162,3574,4317,2026-04-02,Missing features,0,31
1163,3577,4321,2026-04-16,Poor customer support,1,513
1164,3578,4323,2026-11-08,Missing features,1,94
1165,3579,4325,2025-11-18,Payment failure,1,185
1166,3582,4328,2025-03-29,Low usage,1,36
1167,3583,4329,2026-07-26,Switched to competitor,1,183
1168,3584,4330,2023-02-12,Payment failure,1,134
1169,3585,4331,2025-11-15,Switched to competitor,1,339
1170,3588,4335,2026-04-12,Price too high,0,377
1171,3590,4337,2024-06-08,Low usage,1,69
1172,3591,4339,2026-08-31,Price too high,1,395
1173,3597,4345,2026-05-13,Payment failure,1,590
1174,3599,4348,2025-10-06,Low usage,1,26
1175,3600,4349,2024-12-27,Payment failure,1,538
1176,3601,4350,2022-04-18,No longer needed,0,143
1177,3602,4351,2021-09-13,No longer needed,1,162
1178,3604,4354,2023-04-06,Missing features,0,453
1179,3609,4360,2022-02-10,Missing features,1,279
1180,3612,4363,2026-09-05,No longer needed,1,25
1181,3613,4364,2024-11-24,Payment failure,1,67
1182,3618,4369,2022-04-24,Missing features,1,381
1183,3629,4381,2024-10-14,No longer needed,1,255
1184,3630,4383,2023-11-29,Poor customer support,1,456
1185,3633,4388,2024-08-27,Price too high,1,86
1186,3635,4391,2024-05-28,Missing features,1,643
1187,3638,4396,2024-01-15,Payment failure,1,1060
1188,3639,4397,2026-09-15,Poor customer support,0,421
1189,3642,4401,2025-08-04,Payment failure,1,128
1190,3643,4402,2026-06-28,Payment failure,0,30
1191,3649,4409,2023-11-19,Switched to competitor,0,223
1192,3656,4419,2024-11-18,Low usage,0,281
1193,3658,4421,2022-07-13,Price too high,0,309
1194,3663,4426,2023-10-05,Poor customer support,1,127
1195,3666,4430,2026-06-26,Payment failure,1,134
1196,3669,4433,2024-04-07,Poor customer support,1,30
1197,3674,4439,2023-08-20,No longer needed,1,693
1198,3675,4441,2023-04-28,Price too high,1,460
1199,3677,4445,2023-11-01,Payment failure,1,161
1200,3679,4448,2025-04-10,Low usage,1,331
1201,3681,4451,2026-06-11,Price too high,1,365
1202,3686,4456,2025-04-13,Missing features,1,272
1203,3692,4464,2026-06-16,Missing features,1,241
1204,3698,4472,2025-06-12,Switched to competitor,1,87
1205,3702,4478,2025-09-25,Switched to competitor,0,34
1206,3703,4479,2024-07-01,Missing features,1,53
1207,3707,4485,2025-12-19,Switched to competitor,0,334
1208,3713,4491,2023-09-12,Poor customer support,1,738
1209,3720,4499,2022-08-23,Payment failure,0,300
1210,3723,4502,2025-10-13,Low usage,1,355
1211,3724,4503,2022-01-13,Price too high,1,290
1212,3725,4504,2021-09-09,Switched to competitor,0,225
1213,3728,4507,2025-02-05,Switched to competitor,1,159
1214,3732,4511,2021-08-12,Payment failure,1,62
1215,3734,4515,2024-06-30,Payment failure,1,421
1216,3736,4518,2025-11-24,Low usage,1,333
1217,3740,4523,2025-08-30,No longer needed,1,144
1218,3742,4527,2023-07-04,Poor customer support,1,416
1219,3744,4530,2025-11-12,Payment failure,1,479
1220,3755,4544,2022-04-12,Low usage,1,216
1221,3758,4548,2022-12-28,Payment failure,0,106
1222,3759,4549,2025-10-27,Missing features,1,265
1223,3761,4552,2025-12-20,Missing features,0,286
1224,3762,4553,2023-02-27,Payment failure,0,671
1225,3763,4554,2026-09-06,Low usage,1,147
1226,3766,4557,2025-08-12,No longer needed,1,256
1227,3767,4558,2022-02-24,Low usage,1,148
1228,3768,4559,2025-09-13,Payment failure,0,16
1229,3783,4575,2022-04-04,Low usage,0,319
1230,3785,4577,2026-09-09,Payment failure,0,96
1231,3787,4579,2024-05-24,Missing features,1,163
1232,3789,4582,2024-11-10,Payment failure,1,28
1233,3797,4591,2024-03-01,Switched to competitor,1,408
1234,3801,4596,2022-03-06,Price too high,1,237
1235,3802,4597,2023-10-25,Poor customer support,1,84
1236,3805,4600,2026-04-13,Switched to competitor,1,192
1237,3809,4604,2022-08-14,Price too high,1,284
1238,3811,4607,2023-03-10,No longer needed,1,525
1239,3815,4612,2025-01-03,Missing features,1,28
1240,3816,4613,2024-03-05,No longer needed,0,584
1241,3817,4614,2023-01-21,No longer needed,1,129
1242,3820,4617,2026-06-05,Low usage,0,52
1243,3824,4622,2023-03-13,Switched to competitor,0,339
1244,3826,4624,2025-09-02,Poor customer support,0,513
1245,3831,4629,2025-07-13,Payment failure,1,624
1246,3834,4633,2025-05-26,No longer needed,0,612
1247,3836,4635,2026-09-01,No longer needed,1,71
1248,3843,4644,2021-08-30,Poor customer support,0,89
1249,3844,4645,2021-06-22,Poor customer support,1,67
1250,3858,4662,2025-04-20,Missing features,1,90
1251,3859,4663,2022-01-27,Payment failure,1,326
1252,3867,4672,2023-01-01,Low usage,0,394
1253,3868,4673,2021-07-28,No longer needed,1,41
1254,3869,4674,2024-10-16,Low usage,1,263
1255,3877,4683,2026-06-22,Payment failure,0,232
1256,3880,4686,2024-08-10,No longer needed,1,790
1257,3881,4687,2026-01-19,Price too high,1,560
1258,3882,4688,2025-10-06,Low usage,0,313
1259,3883,4689,2023-07-26,Price too high,1,19
1260,3892,4698,2024-08-15,Switched to competitor,1,53
1261,3895,4701,2024-10-12,Switched to competitor,1,92
1262,3896,4702,2025-02-24,Low usage,1,48
1263,3899,4705,2023-06-28,Switched to competitor,0,166
1264,3900,4707,2023-10-17,Missing features,0,530
1265,3901,4708,2026-04-08,No longer needed,0,271
1266,3904,4711,2024-11-19,Switched to competitor,0,144
1267,3905,4712,2024-02-11,No longer needed,1,104
1268,3907,4714,2026-08-14,No longer needed,1,613
1269,3909,4716,2023-12-29,Low usage,0,37
1270,3910,4717,2021-10-27,Low usage,1,57
1271,3912,4720,2022-01-19,Missing features,0,364
1272,3914,4722,2022-06-22,Missing features,1,253
1273,3918,4726,2023-12-22,Price too high,0,358
1274,3919,4727,2022-02-20,Low usage,1,291
1275,3920,4728,2022-08-14,Switched to competitor,0,98
1276,3922,4731,2023-07-23,Missing features,1,248
1277,3926,4737,2022-10-09,Price too high,1,67
1278,3928,4739,2026-07-07,No longer needed,1,46
1279,3932,4744,2024-01-28,Missing features,1,311
1280,3935,4749,2026-06-23,Payment failure,1,683
1281,3941,4756,2023-12-23,Missing features,1,315
1282,3942,4757,2026-03-30,Missing features,1,138
1283,3944,4760,2025-04-27,Poor customer support,0,699
1284,3945,4761,2023-10-25,Low usage,1,120
1285,3948,4765,2023-01-12,Price too high,1,265
1286,3957,4779,2026-01-03,No longer needed,1,209
1287,3961,4784,2026-06-12,Low usage,1,648
1288,3968,4791,2023-12-13,No longer needed,1,321
1289,3969,4792,2024-07-07,Missing features,0,293
1290,3971,4794,2021-08-01,Low usage,1,44
1291,3973,4796,2023-04-29,Payment failure,0,790
1292,3974,4797,2023-02-12,Price too high,1,54
1293,3978,4804,2026-01-06,Price too high,1,34
1294,3985,4812,2022-04-27,Switched to competitor,1,457
1295,3989,4817,2025-08-17,No longer needed,0,108
1296,3996,4826,2025-05-29,Poor customer support,1,381
1297,4004,4835,2023-03-31,Payment failure,1,22
1298,4008,4839,2026-03-23,Low usage,1,55
1299,4012,4844,2025-04-22,Poor customer support,1,727
1300,4015,4848,2024-03-27,Payment failure,1,371
1301,4017,4850,2026-09-03,No longer needed,1,78
1302,4018,4851,2022-06-29,Missing features,1,400
1303,4030,4868,2022-09-24,Price too high,1,234
1304,4035,4873,2025-04-29,No longer needed,1,171
1305,4041,4880,2025-11-22,Missing features,1,75
1306,4042,4882,2023-08-29,No longer needed,0,184
1307,4047,4888,2023-04-27,Payment failure,0,518
1308,4048,4890,2023-10-25,Price too high,0,492
1309,4049,4892,2023-09-03,Poor customer support,1,897
1310,4050,4894,2026-12-10,Switched to competitor,0,244
1311,4055,4901,2023-10-05,Poor customer support,1,666
1312,4057,4903,2023-04-07,Payment failure,1,300
1313,4067,4915,2021-08-27,Low usage,1,34
1314,4074,4923,2023-08-13,Low usage,1,179
1315,4084,4934,2021-05-18,Payment failure,0,88
1316,4086,4937,2021-12-16,Poor customer support,0,80
1317,4090,4942,2024-06-26,No longer needed,1,338
1318,4091,4944,2026-04-10,Poor customer support,1,480
1319,4093,4946,2026-04-08,Low usage,0,71
1320,4100,4954,2021-08-25,Payment failure,1,148
1321,4102,4957,2024-04-11,Low usage,1,418
1322,4103,4958,2025-11-27,Switched to competitor,1,19
1323,4105,4960,2024-10-03,No longer needed,1,47
1324,4107,4963,2027-03-04,Switched to competitor,0,229
1325,4108,4964,2022-06-04,Poor customer support,1,466
1326,4110,4966,2026-06-12,Price too high,1,231
1327,4112,4969,2026-01-13,Price too high,1,309
1328,4113,4970,2026-06-05,Price too high,0,42
1329,4118,4976,2024-10-16,Missing features,1,66
1330,4125,4985,2025-02-05,No longer needed,1,365
1331,4126,4987,2024-02-07,Missing features,1,891
1332,4134,4996,2024-08-22,No longer needed,1,108
1333,4138,5000,2023-09-19,Payment failure,1,349
1334,4145,5008,2022-06-07,Switched to competitor,1,418
1335,4156,5022,2026-06-30,Low usage,1,169
1336,4158,5024,2021-06-17,Missing features,1,68
1337,4161,5027,2024-08-22,Missing features,1,21
1338,4163,5029,2022-03-30,Price too high,1,357
1339,4167,5033,2025-03-05,Payment failure,1,17
1340,4174,5042,2025-12-28,Low usage,1,161
1341,4176,5044,2023-12-13,Poor customer support,1,257
1342,4177,5045,2025-06-29,Low usage,0,763
1343,4178,5046,2026-08-24,Low usage,1,162
1344,4183,5053,2024-02-12,Poor customer support,0,461
1345,4188,5058,2022-12-21,Price too high,1,66
1346,4190,5060,2026-01-03,Low usage,1,301
1347,4191,5062,2022-02-03,Poor customer support,1,307
1348,4192,5063,2024-06-22,Price too high,1,31
1349,4196,5068,2024-10-03,Poor customer support,1,253
1350,4197,5069,2026-08-03,Price too high,1,76
1351,4199,5071,2021-11-07,Price too high,1,188
1352,4203,5077,2025-06-17,Price too high,1,534
1353,4209,5087,2025-11-07,Missing features,1,267
1354,4212,5091,2025-09-28,Price too high,1,64
1355,4215,5096,2026-04-18,Low usage,1,263
1356,4216,5097,2024-01-20,Low usage,1,77
1357,4217,5099,2027-03-02,Missing features,0,340
1358,4218,5100,2023-02-06,Switched to competitor,1,591
1359,4227,5110,2025-01-01,Price too high,0,564
1360,4229,5112,2023-12-27,No longer needed,1,453
1361,4231,5114,2024-10-22,Poor customer support,1,135
1362,4232,5115,2023-11-29,Missing features,0,205
1363,4234,5117,2024-08-23,Payment failure,1,119
1364,4235,5118,2022-06-30,Missing features,1,253
1365,4236,5119,2023-07-06,Price too high,1,429
1366,4245,5130,2026-05-07,Poor customer support,1,515
1367,4252,5140,2023-06-30,Price too high,1,23
1368,4258,5146,2026-08-22,Poor customer support,0,48
1369,4264,5153,2023-07-21,Poor customer support,1,16
1370,4266,5155,2022-06-03,Poor customer support,1,43
1371,4267,5156,2023-04-19,Payment failure,1,298
1372,4269,5158,2025-12-04,Low usage,1,37
1373,4273,5163,2024-02-24,No longer needed,1,875
1374,4274,5165,2026-03-03,No longer needed,1,423
1375,4280,5171,2026-03-02,Price too high,1,194
1376,4281,5173,2024-07-05,Price too high,1,330
1377,4284,5176,2021-04-22,Poor customer support,1,62
1378,4285,5178,2023-03-21,Price too high,1,773
1379,4287,5180,2026-06-22,Low usage,0,54
1380,4295,5189,2024-07-04,Price too high,0,492
1381,4298,5192,2026-05-13,Price too high,1,293
1382,4302,5197,2022-03-15,Missing features,1,91
1383,4304,5199,2026-05-07,Missing features,1,50
1384,4308,5203,2026-08-23,Payment failure,0,55
1385,4309,5204,2021-12-24,No longer needed,0,100
1386,4311,5206,2023-08-15,No longer needed,1,23
1387,4312,5207,2024-08-29,Price too high,1,553
1388,4318,5214,2023-02-04,Payment failure,0,54
1389,4322,5220,2027-03-22,Low usage,0,391
1390,4327,5225,2024-03-19,Switched to competitor,1,39
1391,4335,5233,2023-08-15,Payment failure,1,117
1392,4336,5234,2022-02-25,Price too high,0,175
1393,4337,5235,2024-09-23,Low usage,0,226
1394,4338,5236,2023-09-24,Price too high,1,52
1395,4340,5238,2023-06-10,Price too high,1,269
1396,4342,5242,2025-02-09,Payment failure,1,668
1397,4343,5243,2022-12-25,Switched to competitor,0,67
1398,4358,5262,2024-05-11,No longer needed,1,334
1399,4362,5267,2023-02-24,Missing features,0,520
1400,4367,5273,2025-06-13,Missing features,1,123
1401,4368,5275,2023-07-29,Switched to competitor,1,249
1402,4369,5276,2024-09-19,Poor customer support,1,556
1403,4370,5277,2021-09-26,Poor customer support,1,72
1404,4373,5281,2025-03-03,Low usage,1,477
1405,4374,5282,2022-12-23,Missing features,1,141
1406,4375,5283,2024-07-03,Price too high,1,341
1407,4378,5286,2024-05-19,Payment failure,1,54
1408,4379,5287,2023-06-29,Switched to competitor,1,222
1409,4380,5288,2023-04-18,Switched to competitor,0,522
1410,4385,5293,2026-09-07,Switched to competitor,1,24
1411,4386,5294,2023-07-28,Payment failure,1,386
1412,4387,5295,2022-11-03,No longer needed,1,33
1413,4390,5299,2023-11-16,Missing features,1,33
1414,4393,5303,2026-07-16,Low usage,1,16
1415,4394,5304,2026-08-26,Low usage,0,409
1416,4401,5313,2024-10-18,Low usage,1,98
1417,4403,5315,2026-03-12,Switched to competitor,1,54
1418,4406,5319,2026-07-20,No longer needed,1,33
1419,4407,5321,2026-04-16,Price too high,1,410
1420,4408,5322,2025-09-22,Price too high,0,22
1421,4413,5328,2024-12-31,Poor customer support,0,17
1422,4419,5334,2026-04-10,Poor customer support,1,758
1423,4424,5340,2022-11-07,Poor customer support,1,86
1424,4426,5343,2021-08-30,No longer needed,0,70
1425,4427,5344,2022-11-08,No longer needed,0,132
1426,4430,5347,2024-01-13,Low usage,1,438
1427,4435,5353,2025-04-10,Price too high,1,206
1428,4440,5360,2026-08-15,Switched to competitor,1,395
1429,4444,5365,2025-09-28,Missing features,1,245
1430,4446,5368,2022-09-08,Low usage,1,283
1431,4448,5370,2023-04-07,Low usage,1,593
1432,4452,5374,2024-08-20,Price too high,1,451
1433,4459,5382,2021-08-03,Price too high,0,81
1434,4464,5388,2022-12-17,Poor customer support,1,19
1435,4466,5391,2022-04-23,Missing features,1,184
1436,4468,5393,2023-04-26,Poor customer support,1,201
1437,4472,5398,2025-07-29,Missing features,0,201
1438,4478,5405,2022-09-19,Payment failure,1,15
1439,4479,5406,2025-07-01,Missing features,1,280
1440,4484,5413,2023-07-28,Poor customer support,1,154
1441,4496,5430,2025-05-20,Payment failure,1,774
1442,4503,5438,2024-09-04,Low usage,1,397
1443,4504,5439,2026-02-10,Missing features,1,26
1444,4505,5440,2024-09-08,Price too high,1,407
1445,4508,5445,2024-07-15,Payment failure,0,313
1446,4511,5448,2022-12-25,Low usage,1,514
1447,4513,5451,2026-07-02,Payment failure,1,663
1448,4514,5452,2021-04-07,Missing features,0,38
1449,4520,5459,2024-07-12,Poor customer support,1,21
1450,4524,5465,2023-02-25,Poor customer support,0,288
1451,4526,5467,2024-03-01,No longer needed,1,16
1452,4532,5474,2022-01-14,Price too high,0,256
1453,4533,5476,2023-04-09,Payment failure,1,404
1454,4534,5477,2022-12-10,Payment failure,1,22
1455,4535,5478,2022-08-08,No longer needed,1,310
1456,4537,5480,2023-04-18,No longer needed,1,22
1457,4541,5485,2026-07-05,Payment failure,1,113
1458,4543,5487,2026-09-06,Price too high,0,50
1459,4544,5488,2023-04-03,Missing features,1,332
1460,4545,5489,2025-12-28,Poor customer support,1,815
1461,4547,5492,2025-02-05,Poor customer support,1,267
1462,4551,5496,2025-10-09,No longer needed,0,76
1463,4552,5498,2025-06-05,Poor customer support,0,274
1464,4555,5502,2026-02-12,Poor customer support,1,786
1465,4556,5503,2023-04-17,Price too high,0,88
1466,4558,5505,2024-09-04,Poor customer support,1,67
1467,4560,5508,2023-04-10,Payment failure,1,418
1468,4564,5512,2022-04-12,Price too high,0,29
1469,4565,5513,2025-04-29,Poor customer support,1,100
1470,4570,5520,2023-05-16,Poor customer support,0,172
1471,4573,5524,2026-10-30,Payment failure,0,111
1472,4578,5529,2024-01-23,Missing features,0,607
1473,4581,5532,2023-05-16,Switched to competitor,1,110
1474,4588,5542,2024-12-01,Missing features,0,585
1475,4590,5545,2026-06-08,Low usage,0,433
1476,4591,5546,2026-03-28,No longer needed,0,96
1477,4594,5549,2026-04-07,Low usage,1,131
1478,4597,5552,2024-04-19,No longer needed,1,20
1479,4601,5556,2025-02-11,Switched to competitor,1,261
1480,4602,5557,2023-06-24,Poor customer support,1,82
1481,4604,5559,2023-07-24,Payment failure,1,31
1482,4605,5561,2025-03-23,Low usage,1,582
1483,4611,5568,2024-12-24,No longer needed,1,295
1484,4612,5570,2024-03-11,Low usage,1,416
1485,4618,5577,2025-01-23,Switched to competitor,1,22
1486,4621,5580,2025-04-15,Poor customer support,0,200
1487,4622,5581,2022-07-23,Payment failure,1,501
1488,4623,5582,2022-11-14,Switched to competitor,1,121
1489,4625,5584,2022-09-23,Payment failure,0,333
1490,4626,5585,2026-06-04,No longer needed,1,173
1491,4627,5586,2024-06-02,Poor customer support,1,370
1492,4628,5587,2022-02-18,Missing features,1,264
1493,4632,5591,2024-03-11,Missing features,1,140
1494,4633,5592,2022-04-02,Price too high,1,276
1495,4636,5596,2022-04-08,Switched to competitor,1,53
1496,4637,5598,2024-03-21,Low usage,0,236
1497,4638,5599,2026-05-25,Poor customer support,0,221
1498,4639,5600,2026-09-04,Low usage,0,220
1499,4643,5605,2024-03-17,Payment failure,1,437
1500,4644,5607,2024-02-24,Low usage,1,606
1501,4646,5609,2022-03-03,Missing features,1,298
1502,4650,5613,2025-04-01,Switched to competitor,0,17
1503,4654,5617,2024-06-09,Price too high,1,165
1504,4657,5620,2026-01-16,Low usage,1,18
1505,4660,5623,2026-08-02,Missing features,1,135
1506,4661,5625,2023-09-22,No longer needed,1,475
1507,4662,5626,2022-04-25,Payment failure,1,16
1508,4669,5634,2026-08-01,Low usage,0,29
1509,4672,5637,2022-01-02,Poor customer support,1,38
1510,4680,5647,2022-02-23,Poor customer support,1,313
1511,4681,5648,2026-07-20,Switched to competitor,0,745
1512,4684,5652,2027-06-21,Low usage,1,410
1513,4688,5657,2026-06-15,Poor customer support,0,211
1514,4689,5658,2022-11-09,Low usage,1,477
1515,4690,5659,2023-10-29,Switched to competitor,1,25
1516,4693,5662,2026-06-22,Missing features,1,451
1517,4694,5663,2025-10-11,Missing features,1,53
1518,4696,5665,2025-07-06,Switched to competitor,1,148
1519,4700,5669,2026-05-12,Price too high,1,73
1520,4702,5673,2026-05-18,Payment failure,1,867
1521,4704,5675,2021-09-13,Switched to competitor,0,235
1522,4707,5679,2024-03-03,Payment failure,0,389
1523,4709,5682,2022-12-04,Switched to competitor,0,434
1524,4712,5685,2021-12-20,Missing features,1,269
1525,4716,5690,2025-08-19,Poor customer support,0,93
1526,4718,5692,2021-09-22,Poor customer support,1,91
1527,4719,5693,2025-05-08,Payment failure,0,77
1528,4724,5698,2025-05-13,Switched to competitor,1,85
1529,4725,5700,2024-08-12,Price too high,1,589
1530,4726,5701,2026-08-09,Payment failure,1,139
1531,4727,5703,2026-06-06,No longer needed,1,590
1532,4729,5705,2023-10-22,Price too high,1,169
1533,4730,5706,2024-07-05,Poor customer support,1,226
1534,4740,5717,2026-09-03,Price too high,1,180
1535,4743,5720,2025-02-10,Switched to competitor,1,131
1536,4744,5721,2022-06-26,Low usage,1,18
1537,4746,5723,2026-06-21,Low usage,1,63
1538,4748,5725,2022-08-01,Switched to competitor,1,87
1539,4751,5729,2025-03-04,Missing features,1,249
1540,4755,5733,2024-01-12,Missing features,0,536
1541,4761,5739,2025-12-03,Missing features,0,129
1542,4765,5744,2026-03-17,No longer needed,1,154
1543,4766,5745,2022-05-18,Price too high,0,276
1544,4767,5746,2026-05-03,Price too high,1,349
1545,4772,5751,2023-02-09,Payment failure,1,18
1546,4774,5753,2023-03-08,Payment failure,1,212
1547,4776,5755,2022-06-21,Low usage,0,62
1548,4779,5760,2023-05-24,No longer needed,1,314
1549,4783,5765,2021-10-19,Missing features,1,97
1550,4794,5779,2025-03-22,Price too high,0,745
1551,4797,5782,2021-11-27,Poor customer support,1,106
1552,4803,5790,2025-09-30,No longer needed,1,252
1553,4804,5791,2022-09-29,Missing features,1,69
1554,4805,5792,2025-07-04,No longer needed,1,479
1555,4806,5793,2023-01-15,Low usage,0,262
1556,4813,5804,2026-10-16,Price too high,1,370
1557,4818,5809,2024-10-09,Poor customer support,1,264
1558,4819,5810,2024-09-06,Payment failure,1,672
1559,4820,5811,2021-02-15,Poor customer support,1,19
1560,4823,5816,2023-04-24,Missing features,1,536
1561,4825,5818,2025-12-23,Payment failure,0,281
1562,4829,5822,2023-12-21,Price too high,1,282
1563,4831,5824,2023-12-13,Poor customer support,0,173
1564,4833,5826,2025-10-08,No longer needed,0,588
1565,4838,5831,2025-11-14,No longer needed,1,204
1566,4839,5832,2022-08-16,Switched to competitor,0,319
1567,4840,5833,2025-03-22,Payment failure,1,465
1568,4842,5835,2023-03-25,Poor customer support,0,270
1569,4845,5838,2023-04-14,No longer needed,1,790
1570,4846,5840,2023-05-10,Low usage,1,538
1571,4848,5842,2025-01-02,Missing features,1,488
1572,4855,5852,2025-03-30,Missing features,1,345
1573,4858,5856,2023-01-29,Missing features,0,342
1574,4859,5857,2023-05-03,No longer needed,1,409
1575,4861,5860,2023-02-15,Missing features,1,114
1576,4863,5863,2024-02-23,Missing features,1,79
1577,4866,5868,2024-05-01,Low usage,1,221
1578,4873,5876,2024-07-02,Payment failure,1,678
1579,4874,5877,2026-01-14,Switched to competitor,1,299
1580,4875,5878,2024-08-07,Low usage,1,614
1581,4878,5881,2021-06-07,Missing features,1,97
1582,4880,5883,2022-10-14,Missing features,1,36
1583,4890,5896,2022-08-01,Payment failure,1,307
1584,4892,5899,2026-03-18,Low usage,0,27
1585,4898,5907,2026-04-23,Payment failure,1,49
1586,4900,5909,2026-07-17,Missing features,0,236
1587,4906,5916,2021-08-13,Switched to competitor,0,102
1588,4907,5918,2026-04-17,Switched to competitor,0,372
1589,4909,5921,2022-07-08,Payment failure,1,42
1590,4915,5928,2022-07-18,No longer needed,0,18
1591,4918,5932,2025-01-07,Low usage,0,400
1592,4919,5933,2024-04-21,No longer needed,1,442
1593,4924,5939,2022-04-06,Switched to competitor,0,25
1594,4928,5943,2024-05-07,No longer needed,1,46
1595,4929,5944,2024-01-30,Poor customer support,1,329
1596,4930,5945,2022-08-24,Payment failure,1,109
1597,4933,5950,2025-06-24,Poor customer support,1,269
1598,4935,5952,2025-06-20,No longer needed,1,16
1599,4936,5953,2024-05-03,Payment failure,0,16
1600,4954,5975,2026-09-10,No longer needed,1,60
1601,4956,5977,2025-08-28,Switched to competitor,1,310
1602,4961,5982,2021-02-20,Poor customer support,1,25
1603,4962,5983,2024-10-14,Low usage,0,126
1604,4963,5985,2024-12-28,Low usage,1,507
1605,4967,5990,2026-08-25,Poor customer support,1,319
1606,4969,5992,2026-01-28,Missing features,1,284
1607,4979,6003,2022-08-10,Poor customer support,0,207
1608,4982,6006,2026-08-28,Payment failure,0,168
1609,4984,6009,2023-01-11,Poor customer support,1,384
1610,4990,6016,2026-03-27,Low usage,1,54
1611,4997,6024,2023-01-29,Switched to competitor,0,52
